{"init_keypoint_positions": [[-0.3241568895701906, -0.26135710633859177, 0.8729118042800674], [-0.13032823512207833, -0.21448098577272112, 0.7109137537982642], [0.09161993232061272, -0.18090774877203772, 0.7072121106658631], [-0.1458522626378715, -0.1448651475409916, 0.7143060215345731], [-0.13071311749231349, -0.08189964351178469, 0.7158838367022394], [0.09358737688281993, -0.0534993640009152, 0.7095674875311597], [-0.2694544418102572, 0.08538554046925578, 0.7174613392959628], [-0.3588037694448534, 0.1895498661553155, 0.7242495959791785], [-0.22739163159972983, 0.16978317185973382, 0.809730735390318], [-0.2788102970880201, 0.2161113552597725, 0.7597332230457459]], "num_keypoints": 10, "num_stages": 3, "grasp_keypoints": [1, -1, -1], "release_keypoints": [-1, -1, 1]}